market,edge,odds,model_prob,predicted_goals,actual_goals,won,profit_1u
Under 2.5,0.10753424657534244,2.92,0.44999999999999996,2.65,5.0,False,-1.0
Under 2.5,0.21520467836257318,1.71,0.8,1.28,3.0,False,-1.0
Over 2.5,0.07830188679245292,2.12,0.55,2.56,3.0,True,1.12
Under 2.5,0.13186528497409322,1.93,0.65,2.33,2.0,True,0.9299999999999999
Over 2.5,0.08502824858757063,1.77,0.65,3.48,1.0,False,-1.0
Under 2.5,0.11808510638297876,1.88,0.65,2.16,4.0,False,-1.0
Over 2.5,0.09751381215469612,1.81,0.65,3.42,3.0,True,0.81
Under 2.5,0.22264957264957264,2.34,0.65,2.28,3.0,False,-1.0
Under 2.5,0.11236559139784952,1.86,0.65,2.29,2.0,True,0.8600000000000001
Under 2.5,0.17153110047846887,2.09,0.65,2.13,3.0,False,-1.0
Over 2.5,0.008974358974359053,1.56,0.65,3.11,5.0,True,0.56
Under 2.5,0.045141700404858265,2.47,0.44999999999999996,2.81,1.0,True,1.4700000000000002
Under 2.5,0.07121212121212117,2.64,0.44999999999999996,2.74,2.0,True,1.6400000000000001
Under 2.5,0.16671388101982998,3.53,0.44999999999999996,2.5,4.0,False,-1.0
Over 2.5,0.043939393939393945,1.65,0.65,3.48,4.0,True,0.6499999999999999
Over 2.5,0.12368421052631584,1.9,0.65,3.38,2.0,False,-1.0
Over 2.5,0.10555555555555562,2.25,0.55,2.58,5.0,True,1.25
Under 2.5,0.009036144578313282,4.15,0.25,3.98,5.0,False,-1.0
Under 2.5,0.011403508771929749,2.28,0.44999999999999996,2.5,4.0,False,-1.0
Under 2.5,0.2318181818181818,1.76,0.8,1.74,2.0,True,0.76
Under 2.5,0.14494949494949494,1.98,0.65,2.29,1.0,True,0.98
Over 2.5,0.013057324840764384,1.57,0.65,3.17,4.0,True,0.5700000000000001
Over 2.5,0.05828402366863905,1.69,0.65,3.42,4.0,True,0.69
Under 2.5,0.09751381215469612,1.81,0.65,2.24,2.0,True,0.81
Over 2.5,0.09134078212290508,1.79,0.65,3.43,3.0,True,0.79
Under 2.5,0.17106918238993718,1.59,0.8,1.8,2.0,True,0.5900000000000001
Under 2.5,0.02446808510638293,2.35,0.44999999999999996,2.62,3.0,False,-1.0
Under 2.5,0.20947136563876656,2.27,0.65,2.04,2.0,True,1.27
Under 2.5,0.12916666666666665,1.92,0.65,2.44,4.0,False,-1.0
Over 2.5,0.06923076923076932,2.08,0.55,2.63,5.0,True,1.08
Under 2.5,0.15000000000000002,2.0,0.65,2.45,3.0,False,-1.0
Over 2.5,0.11305732484076436,1.57,0.75,3.69,6.0,True,0.5700000000000001
Over 2.5,0.0092592592592593,1.35,0.75,3.53,1.0,False,-1.0
Over 2.5,0.061764705882352944,1.7,0.65,3.47,5.0,True,0.7
Under 2.5,0.10986394557823126,2.94,0.44999999999999996,2.93,0.0,True,1.94
Under 2.5,0.12089947089947084,1.89,0.65,2.43,3.0,False,-1.0
Under 2.5,0.2318181818181818,1.76,0.8,1.96,2.0,True,0.76
Over 2.5,0.08181818181818179,1.76,0.65,3.43,2.0,False,-1.0
Under 2.5,0.10355191256830609,1.83,0.65,2.49,9.0,False,-1.0
Under 2.5,0.23820224719101124,1.78,0.8,1.84,5.0,False,-1.0
Under 2.5,0.13717948717948714,1.95,0.65,2.22,2.0,True,0.95
Over 2.5,0.14839357429718886,2.49,0.55,2.59,2.0,False,-1.0
Over 2.5,0.003551912568306115,1.83,0.55,2.79,5.0,True,0.8300000000000001
Under 2.5,0.1783018867924529,2.12,0.65,2.4,2.0,True,1.12
Under 2.5,0.3555555555555556,2.25,0.8,1.58,2.0,True,1.25
Under 2.5,0.18271604938271613,1.62,0.8,1.26,3.0,False,-1.0
Over 2.5,0.07528735632183914,1.74,0.65,3.4,2.0,False,-1.0
Under 2.5,0.18917050691244242,2.17,0.65,2.43,3.0,False,-1.0
Over 2.5,0.03453608247422679,1.94,0.55,2.55,3.0,True,0.94
Over 2.5,0.11305732484076436,1.57,0.75,3.5,2.0,False,-1.0
Under 2.5,0.10054945054945064,1.82,0.65,2.2,4.0,False,-1.0
Under 2.5,0.04183673469387755,2.45,0.44999999999999996,2.6,2.0,True,1.4500000000000002
Under 2.5,0.13186528497409322,1.93,0.65,2.08,2.0,True,0.9299999999999999
Under 2.5,0.2754681647940075,2.67,0.65,2.34,4.0,False,-1.0
Over 2.5,0.054950495049505,2.02,0.55,2.76,3.0,True,1.02
Over 2.5,0.19128440366972482,2.18,0.65,3.33,6.0,True,1.1800000000000002
Over 2.5,0.05555555555555558,1.44,0.75,3.62,4.0,True,0.43999999999999995
Under 2.5,0.3098639455782313,2.94,0.65,2.3,1.0,True,1.94
Over 2.5,0.08774834437086088,1.51,0.75,3.71,5.0,True,0.51
Over 2.5,0.04078014184397161,1.41,0.75,3.69,4.0,True,0.4099999999999999
Over 2.5,0.057389162561576335,2.03,0.55,2.73,1.0,False,-1.0
Under 2.5,0.22983193277310926,2.38,0.65,2.34,7.0,False,-1.0
Under 2.5,0.22805907172995787,2.37,0.65,2.49,3.0,False,-1.0
Under 2.5,0.00034965034965028785,2.86,0.35,3.2,3.0,False,-1.0
Under 2.5,0.028881987577639823,1.61,0.65,2.48,2.0,True,0.6100000000000001
Under 2.5,0.23820224719101124,1.78,0.8,1.5,0.0,True,0.78
Over 2.5,0.08333333333333337,1.5,0.75,3.86,3.0,True,0.5
Over 2.5,0.07885906040268453,1.49,0.75,3.66,3.0,True,0.49
Over 2.5,0.07830188679245292,2.12,0.55,2.59,3.0,True,1.12
Under 2.5,0.1865030674846626,1.63,0.8,1.73,4.0,False,-1.0
Over 2.5,0.09751381215469612,1.81,0.65,3.32,2.0,False,-1.0
Under 2.5,0.020815450643776767,2.33,0.44999999999999996,2.5,1.0,True,1.33
Under 2.5,0.009863945578231281,2.94,0.35,3.46,1.0,True,1.94
Under 2.5,0.1573891625615763,2.03,0.65,2.38,2.0,True,1.0299999999999998
Under 2.5,0.04879518072289152,3.32,0.35,3.39,3.0,False,-1.0
Under 2.5,0.22196531791907514,1.73,0.8,1.32,1.0,True,0.73
Over 2.5,0.029166666666666674,1.92,0.55,2.61,1.0,False,-1.0
Over 2.5,0.013057324840764384,1.57,0.65,3.45,0.0,False,-1.0
Over 2.5,0.12106918238993714,1.59,0.75,3.74,2.0,False,-1.0
Under 2.5,0.07528735632183914,1.74,0.65,2.33,2.0,True,0.74
Over 2.5,0.1402439024390244,1.64,0.75,3.63,4.0,True,0.6399999999999999
Over 2.5,0.10483870967741937,1.55,0.75,3.79,2.0,False,-1.0
Under 2.5,0.224468085106383,2.35,0.65,2.49,3.0,False,-1.0
Over 2.5,0.008974358974359053,1.56,0.65,3.02,5.0,True,0.56
Over 2.5,0.1288819875776398,1.61,0.75,3.59,3.0,True,0.6100000000000001
Over 2.5,0.125,1.6,0.75,3.69,4.0,True,0.6000000000000001
Over 2.5,0.12916666666666665,1.92,0.65,3.01,2.0,False,-1.0
Under 2.5,0.3166666666666667,3.0,0.65,2.4,2.0,True,2.0
Over 2.5,0.040243902439024426,1.64,0.65,3.37,2.0,False,-1.0
Under 2.5,0.25054945054945066,1.82,0.8,1.99,3.0,False,-1.0
Over 2.5,0.0475903614457831,1.66,0.65,3.38,1.0,False,-1.0
Over 2.5,0.21524064171123003,1.87,0.75,3.7,3.0,True,0.8700000000000001
Under 2.5,0.24514170040485833,2.47,0.65,2.0,2.0,True,1.4700000000000002
Over 2.5,0.13271604938271608,1.62,0.75,4.01,1.0,False,-1.0
Under 2.5,0.23158995815899586,2.39,0.65,2.48,4.0,False,-1.0
Under 2.5,0.20357142857142863,2.24,0.65,2.21,3.0,False,-1.0
Under 2.5,0.011403508771929749,2.28,0.44999999999999996,2.51,3.0,False,-1.0
Under 2.5,0.08262032085561499,3.74,0.35,3.48,7.0,False,-1.0
Over 2.5,0.05476190476190479,1.68,0.65,3.43,1.0,False,-1.0
Over 2.5,0.19134078212290506,1.79,0.75,3.83,1.0,False,-1.0
Under 2.5,0.10355191256830609,1.83,0.65,2.08,2.0,True,0.8300000000000001
Under 2.5,0.16671388101982998,3.53,0.44999999999999996,2.51,4.0,False,-1.0
Over 2.5,0.0475903614457831,1.66,0.65,3.2,2.0,False,-1.0
Over 2.5,0.05476190476190479,1.68,0.65,3.24,4.0,True,0.6799999999999999
Under 2.5,0.2047619047619048,1.68,0.8,1.76,2.0,True,0.6799999999999999
Under 2.5,0.13186528497409322,1.93,0.65,2.47,3.0,False,-1.0
Under 2.5,0.04839357429718877,2.49,0.44999999999999996,2.8,3.0,False,-1.0
Over 2.5,0.09444444444444444,1.8,0.65,3.31,3.0,True,0.8
Under 2.5,0.12368421052631584,1.9,0.65,2.28,6.0,False,-1.0
Under 2.5,0.05828402366863905,1.69,0.65,2.34,0.0,True,0.69
Under 2.5,0.12432432432432439,1.48,0.8,1.37,1.0,True,0.48
Over 2.5,0.1882022471910112,1.78,0.75,3.85,3.0,True,0.78
Over 2.5,0.22368421052631582,1.9,0.75,3.66,0.0,False,-1.0
Under 2.5,0.07857142857142863,1.75,0.65,2.34,4.0,False,-1.0
Over 2.5,0.21140350877192982,2.28,0.65,3.23,3.0,True,1.2799999999999998
Under 2.5,0.11236559139784952,1.86,0.65,2.42,3.0,False,-1.0
Over 2.5,0.05828402366863905,1.69,0.65,3.35,5.0,True,0.69
Over 2.5,0.12089947089947084,1.89,0.65,3.21,2.0,False,-1.0
Over 2.5,0.0006493506493506773,1.54,0.65,3.47,1.0,False,-1.0
Under 2.5,0.14640522875816997,1.53,0.8,1.96,1.0,True,0.53
Over 2.5,0.09751381215469612,1.81,0.65,3.24,3.0,True,0.81
Under 2.5,0.12643979057591626,1.91,0.65,2.25,3.0,False,-1.0
Under 2.5,0.1760663507109005,2.11,0.65,2.46,5.0,False,-1.0
Over 2.5,0.16860465116279066,1.72,0.75,3.75,1.0,False,-1.0
Over 2.5,0.19444444444444442,1.8,0.75,3.81,4.0,True,0.8
Over 2.5,0.14494949494949494,1.98,0.65,3.44,2.0,False,-1.0
Under 2.5,0.25054945054945066,1.82,0.8,1.41,0.0,True,0.8200000000000001
Under 2.5,0.1865030674846626,1.63,0.8,1.53,1.0,True,0.6299999999999999
Under 2.5,0.08502824858757063,1.77,0.65,2.27,1.0,True,0.77
Over 2.5,0.0475903614457831,1.66,0.65,3.3,2.0,False,-1.0
Under 2.5,0.08181818181818179,1.76,0.65,2.17,0.0,True,0.76
Over 2.5,0.029166666666666674,1.92,0.55,2.68,3.0,True,0.9199999999999999
Over 2.5,0.12643979057591626,1.91,0.65,3.12,2.0,False,-1.0
Over 2.5,0.06456310679611654,2.06,0.55,2.73,2.0,False,-1.0
Over 2.5,0.021069182389937158,1.59,0.65,3.39,3.0,True,0.5900000000000001
Under 2.5,0.004838709677419395,1.55,0.65,2.27,3.0,False,-1.0
Under 2.5,0.11808510638297876,1.88,0.65,2.24,0.0,True,0.8799999999999999
Under 2.5,0.19337899543378995,2.19,0.65,2.33,4.0,False,-1.0
Over 2.5,0.27153110047846885,2.09,0.75,3.51,2.0,False,-1.0
Over 2.5,0.16690821256038646,2.07,0.65,3.32,1.0,False,-1.0
Over 2.5,0.09444444444444444,1.8,0.65,3.37,2.0,False,-1.0
Over 2.5,0.06923076923076932,2.08,0.55,2.89,1.0,False,-1.0
Under 2.5,0.1630573248407644,1.57,0.8,1.63,1.0,True,0.5700000000000001
Over 2.5,0.1692307692307693,2.08,0.65,3.41,3.0,True,1.08
Over 2.5,0.1848837209302326,2.15,0.65,3.21,4.0,True,1.15
Under 2.5,0.08502824858757063,1.77,0.65,2.31,1.0,True,0.77
Under 2.5,0.18051643192488265,2.13,0.65,2.24,3.0,False,-1.0
Over 2.5,0.003551912568306115,1.83,0.55,2.87,5.0,True,0.8300000000000001
Over 2.5,0.11808510638297876,1.88,0.65,3.39,2.0,False,-1.0
Over 2.5,0.07196531791907512,1.73,0.65,3.02,4.0,True,0.73
Under 2.5,0.11777408637873749,3.01,0.44999999999999996,2.84,5.0,False,-1.0
Under 2.5,0.12368421052631584,1.9,0.65,2.48,2.0,True,0.8999999999999999
Under 2.5,0.08820224719101122,1.78,0.65,2.1,3.0,False,-1.0
Over 2.5,0.14494949494949494,1.98,0.65,3.4,3.0,True,0.98
Under 2.5,0.10054945054945064,1.82,0.65,2.31,2.0,True,0.8200000000000001
Over 2.5,0.22089947089947082,1.89,0.75,3.93,5.0,True,0.8899999999999999
Under 2.5,0.3345425867507887,3.17,0.65,2.46,1.0,True,2.17
Over 2.5,0.21524064171123003,1.87,0.75,3.51,4.0,True,0.8700000000000001
Over 2.5,0.15317460317460324,2.52,0.55,2.6,2.0,False,-1.0
Under 2.5,0.06860465116279069,1.72,0.65,2.04,2.0,True,0.72
Under 2.5,0.07196531791907512,1.73,0.65,2.34,2.0,True,0.73
Over 2.5,0.06219512195121951,2.05,0.55,2.61,2.0,False,-1.0
Over 2.5,0.23717948717948711,1.95,0.75,3.66,3.0,True,0.95
Under 2.5,0.22196531791907514,1.73,0.8,1.94,0.0,True,0.73
Over 2.5,0.025000000000000022,1.6,0.65,3.25,8.0,True,0.6000000000000001
Over 2.5,0.14759036144578308,1.66,0.75,3.65,2.0,False,-1.0
Under 2.5,0.22064220183486236,4.36,0.44999999999999996,2.79,5.0,False,-1.0
Over 2.5,0.20945945945945954,1.85,0.75,3.52,2.0,False,-1.0
Under 2.5,0.22264957264957264,2.34,0.65,2.32,5.0,False,-1.0
Over 2.5,0.18181818181818177,1.76,0.75,3.52,3.0,True,0.76
Over 2.5,0.22916666666666663,1.92,0.75,3.51,3.0,True,0.9199999999999999
Under 2.5,0.2152173913043478,2.3,0.65,2.43,3.0,False,-1.0
Over 2.5,0.1423857868020305,1.97,0.65,3.43,7.0,True,0.97
Over 2.5,0.028881987577639823,1.61,0.65,3.32,2.0,False,-1.0
Under 2.5,0.0475903614457831,1.66,0.65,2.07,1.0,True,0.6599999999999999
Over 2.5,0.11236559139784952,1.86,0.65,3.13,5.0,True,0.8600000000000001
Over 2.5,0.1402439024390244,1.64,0.75,3.54,6.0,True,0.6399999999999999
Over 2.5,0.04078014184397161,1.41,0.75,3.69,7.0,True,0.4099999999999999
Over 2.5,0.0006493506493506773,1.54,0.65,3.44,4.0,True,0.54
Under 2.5,0.22081545064377683,2.33,0.65,2.07,4.0,False,-1.0
Over 2.5,0.02007299270072993,1.37,0.75,3.7,2.0,False,-1.0
Under 2.5,0.001569506726457337,2.23,0.44999999999999996,2.61,3.0,False,-1.0
Under 2.5,0.27089947089947086,1.89,0.8,1.97,3.0,False,-1.0
Over 2.5,0.09134078212290508,1.79,0.65,3.29,7.0,True,0.79
Under 2.5,0.23333333333333334,2.4,0.65,2.24,6.0,False,-1.0
Over 2.5,0.09640522875816993,1.53,0.75,3.57,4.0,True,0.53
Over 2.5,0.13650306748466257,1.63,0.75,3.66,1.0,False,-1.0
Under 2.5,0.20828402366863907,1.69,0.8,1.27,2.0,True,0.69
Under 2.5,0.07196531791907512,1.73,0.65,2.4,0.0,True,0.73
Over 2.5,0.1288819875776398,1.61,0.75,3.65,3.0,True,0.6100000000000001
Under 2.5,0.043939393939393945,1.65,0.65,2.32,3.0,False,-1.0
Under 2.5,0.41685823754789275,2.61,0.8,1.9,3.0,False,-1.0
Under 2.5,0.0475903614457831,1.66,0.65,2.0,2.0,True,0.6599999999999999
Under 2.5,0.30000000000000004,2.0,0.8,1.64,2.0,True,1.0
Under 2.5,0.12432432432432439,1.48,0.8,1.54,2.0,True,0.48
Over 2.5,0.14759036144578308,1.66,0.75,3.71,3.0,True,0.6599999999999999
Under 2.5,0.2075221238938053,2.26,0.65,2.35,3.0,False,-1.0
Under 2.5,0.20947136563876656,2.27,0.65,2.48,7.0,False,-1.0
Over 2.5,0.06456310679611654,2.06,0.55,2.59,2.0,False,-1.0
Under 2.5,0.22528735632183916,1.74,0.8,1.28,0.0,True,0.74
Over 2.5,0.08181818181818179,1.76,0.65,3.43,4.0,True,0.76
Under 2.5,0.34337899543378997,2.19,0.8,1.88,5.0,False,-1.0
Over 2.5,0.16176470588235292,1.7,0.75,3.52,1.0,False,-1.0
Over 2.5,0.05555555555555558,1.44,0.75,3.75,2.0,False,-1.0
Under 2.5,0.21140350877192982,2.28,0.65,2.23,1.0,True,1.2799999999999998
Over 2.5,0.0475903614457831,1.66,0.65,3.48,2.0,False,-1.0
Over 2.5,0.14759036144578308,1.66,0.75,3.51,0.0,False,-1.0
Under 2.5,0.008974358974359053,1.56,0.65,2.26,1.0,True,0.56
Under 2.5,0.17888198757763984,1.61,0.8,1.77,2.0,True,0.6100000000000001
Under 2.5,0.08503649635036492,2.74,0.44999999999999996,2.59,5.0,False,-1.0
Under 2.5,0.1865030674846626,1.63,0.8,1.97,1.0,True,0.6299999999999999
Over 2.5,0.09751381215469612,1.81,0.65,3.46,5.0,True,0.81
Over 2.5,0.16520467836257313,1.71,0.75,3.66,3.0,True,0.71
Over 2.5,0.052487562189054704,2.01,0.55,2.58,2.0,False,-1.0
Over 2.5,0.17528735632183912,1.74,0.75,3.61,4.0,True,0.74
Under 2.5,0.05119760479041913,1.67,0.65,2.15,6.0,False,-1.0
Over 2.5,0.22916666666666663,1.92,0.75,3.7,2.0,False,-1.0
Under 2.5,0.2680851063829788,1.88,0.8,1.77,3.0,False,-1.0
Over 2.5,0.043939393939393945,1.65,0.65,3.33,0.0,False,-1.0
Over 2.5,0.1621951219512195,2.05,0.65,3.06,1.0,False,-1.0
Over 2.5,0.04577464788732388,1.42,0.75,3.59,2.0,False,-1.0
Under 2.5,0.10355191256830609,1.83,0.65,2.06,3.0,False,-1.0
Under 2.5,0.12643979057591626,1.91,0.65,2.37,3.0,False,-1.0
Over 2.5,0.06456310679611654,2.06,0.55,2.99,3.0,True,1.06
Over 2.5,0.0475903614457831,1.66,0.65,3.34,3.0,True,0.6599999999999999
Over 2.5,0.10355191256830609,1.83,0.65,3.43,5.0,True,0.8300000000000001
Over 2.5,0.013057324840764384,1.57,0.65,3.41,1.0,False,-1.0
Over 2.5,0.08271028037383182,2.14,0.55,2.66,2.0,False,-1.0
Over 2.5,0.1882022471910112,1.78,0.75,3.61,2.0,False,-1.0
Over 2.5,0.1785714285714286,1.75,0.75,3.51,3.0,True,0.75
Under 2.5,0.24016393442622952,2.44,0.65,2.39,3.0,False,-1.0
Under 2.5,0.13152866242038214,3.14,0.44999999999999996,2.78,2.0,True,2.14
Under 2.5,0.16456310679611652,2.06,0.65,2.27,3.0,False,-1.0
Over 2.5,0.03979591836734697,1.96,0.55,2.63,0.0,False,-1.0
Under 2.5,0.11808510638297876,1.88,0.65,2.43,4.0,False,-1.0
Over 2.5,0.1954545454545455,2.2,0.65,3.07,2.0,False,-1.0
Over 2.5,0.018085106382978777,1.88,0.55,2.51,2.0,False,-1.0
Over 2.5,0.028881987577639823,1.61,0.65,3.47,5.0,True,0.6100000000000001
Under 2.5,0.1630573248407644,1.57,0.8,1.85,1.0,True,0.5700000000000001
Over 2.5,0.0006493506493506773,1.54,0.65,3.31,3.0,True,0.54
Under 2.5,0.15897435897435908,1.56,0.8,1.75,6.0,False,-1.0
Over 2.5,0.05555555555555558,1.44,0.75,3.81,3.0,True,0.43999999999999995
Over 2.5,0.06860465116279069,1.72,0.65,3.24,4.0,True,0.72
Over 2.5,0.15000000000000002,2.5,0.55,2.5,1.0,False,-1.0
Under 2.5,0.021069182389937158,1.59,0.65,2.28,3.0,False,-1.0
Under 2.5,0.19024390243902445,1.64,0.8,1.95,5.0,False,-1.0
Over 2.5,0.07380952380952388,2.1,0.55,2.56,1.0,False,-1.0
Under 2.5,0.13453608247422677,1.94,0.65,2.48,2.0,True,0.94
Over 2.5,0.15476190476190477,1.68,0.75,3.55,0.0,False,-1.0
Under 2.5,0.1621951219512195,2.05,0.65,2.48,3.0,False,-1.0
Over 2.5,0.12089947089947084,1.89,0.65,3.45,2.0,False,-1.0
Over 2.5,0.07196531791907512,1.73,0.65,3.49,3.0,True,0.73
Over 2.5,0.1882022471910112,1.78,0.75,3.67,4.0,True,0.78
Over 2.5,0.1511976047904191,1.67,0.75,3.57,3.0,True,0.6699999999999999
Over 2.5,0.22368421052631582,1.9,0.75,3.71,5.0,True,0.8999999999999999
Under 2.5,0.21520467836257318,1.71,0.8,1.92,0.0,True,0.71
Over 2.5,0.19444444444444442,1.8,0.75,3.62,4.0,True,0.8
Under 2.5,0.15897435897435908,1.56,0.8,1.66,1.0,True,0.56
Over 2.5,0.09128440366972485,2.18,0.55,2.57,4.0,True,1.1800000000000002
Over 2.5,0.061764705882352944,1.7,0.65,3.45,1.0,False,-1.0
Over 2.5,0.1288819875776398,1.61,0.75,3.73,4.0,True,0.6100000000000001
Over 2.5,0.059803921568627516,2.04,0.55,2.61,1.0,False,-1.0
Over 2.5,0.10947136563876658,2.27,0.55,2.83,3.0,True,1.27
Under 2.5,0.043939393939393945,1.65,0.65,2.4,3.0,False,-1.0
Under 2.5,0.007522123893805244,2.26,0.44999999999999996,2.59,3.0,False,-1.0
Over 2.5,0.13650306748466257,1.63,0.75,3.98,2.0,False,-1.0
Over 2.5,0.23979591836734693,1.96,0.75,3.64,1.0,False,-1.0
Under 2.5,0.013057324840764384,1.57,0.65,2.3,2.0,True,0.5700000000000001
Over 2.5,0.04748743718592974,1.99,0.55,2.86,0.0,False,-1.0
Over 2.5,0.19954954954954962,2.22,0.65,3.01,0.0,False,-1.0
Under 2.5,0.2075221238938053,2.26,0.65,2.25,2.0,True,1.2599999999999998
Over 2.5,0.07196531791907512,1.73,0.65,3.45,4.0,True,0.73
Over 2.5,0.021069182389937158,1.59,0.65,3.47,6.0,True,0.5900000000000001
Over 2.5,0.11331877729257644,2.29,0.55,2.51,3.0,True,1.29
Under 2.5,0.22627118644067795,2.36,0.65,2.36,2.0,True,1.3599999999999999
Over 2.5,0.1402439024390244,1.64,0.75,3.68,4.0,True,0.6399999999999999
Under 2.5,0.025000000000000022,1.6,0.65,2.11,1.0,True,0.6000000000000001
Over 2.5,0.21808510638297873,1.88,0.75,3.59,2.0,False,-1.0
Over 2.5,0.24494949494949492,1.98,0.75,3.53,3.0,True,0.98
Over 2.5,0.18181818181818177,1.76,0.75,3.61,1.0,False,-1.0
Under 2.5,0.20119760479041915,1.67,0.8,1.43,3.0,False,-1.0
Over 2.5,0.12446808510638302,2.35,0.55,2.65,2.0,False,-1.0
Under 2.5,0.05159362549800789,2.51,0.44999999999999996,2.77,3.0,False,-1.0
Under 2.5,0.17500000000000004,1.6,0.8,1.81,0.0,True,0.6000000000000001
Under 2.5,0.13979591836734695,1.96,0.65,2.4,4.0,False,-1.0
Under 2.5,0.0035714285714285587,2.24,0.44999999999999996,2.76,2.0,True,1.2400000000000002
Over 2.5,0.08703703703703713,2.16,0.55,2.88,1.0,False,-1.0
Over 2.5,0.08820224719101122,1.78,0.65,3.24,1.0,False,-1.0
Over 2.5,0.23717948717948711,1.95,0.75,3.62,1.0,False,-1.0
Over 2.5,0.08051643192488267,2.13,0.55,2.53,0.0,False,-1.0
Over 2.5,0.13186528497409322,1.93,0.65,3.15,2.0,False,-1.0
Under 2.5,0.19128440366972482,2.18,0.65,2.25,1.0,True,1.1800000000000002
Under 2.5,0.14494949494949494,1.98,0.65,2.44,5.0,False,-1.0
Over 2.5,0.14759036144578308,1.66,0.75,3.75,2.0,False,-1.0
Over 2.5,0.2075221238938053,2.26,0.65,3.49,2.0,False,-1.0
Under 2.5,0.17500000000000004,1.6,0.8,1.78,1.0,True,0.6000000000000001
Over 2.5,0.1882022471910112,1.78,0.75,3.55,3.0,True,0.78
Under 2.5,0.13453608247422677,1.94,0.65,2.41,1.0,True,0.94
Under 2.5,0.10054945054945064,1.82,0.65,2.09,5.0,False,-1.0
Over 2.5,0.26219512195121947,2.05,0.75,3.5,3.0,True,1.0499999999999998
Over 2.5,0.23717948717948711,1.95,0.75,3.55,6.0,True,0.95
Over 2.5,0.08820224719101122,1.78,0.65,3.31,3.0,True,0.78
Under 2.5,0.1783018867924529,2.12,0.65,2.24,7.0,False,-1.0
Under 2.5,0.06520467836257315,1.71,0.65,2.29,5.0,False,-1.0
Over 2.5,0.09545454545454551,2.2,0.55,2.5,4.0,True,1.2000000000000002
Under 2.5,0.032716049382716106,1.62,0.65,2.35,2.0,True,0.6200000000000001
Over 2.5,0.16685823754789275,2.61,0.55,2.55,1.0,False,-1.0
Over 2.5,0.06923076923076932,2.08,0.55,2.7,5.0,True,1.08
Over 2.5,0.13158995815899588,2.39,0.55,2.62,3.0,True,1.3900000000000001
Over 2.5,0.2123655913978495,1.86,0.75,3.71,4.0,True,0.8600000000000001
Over 2.5,0.057389162561576335,2.03,0.55,2.61,3.0,True,1.0299999999999998
Over 2.5,0.11524064171123005,1.87,0.65,3.33,4.0,True,0.8700000000000001
Over 2.5,0.020899470899470862,1.89,0.55,2.68,5.0,True,0.8899999999999999
Under 2.5,0.17153110047846887,2.09,0.65,2.17,4.0,False,-1.0
Under 2.5,0.06520467836257315,1.71,0.65,2.07,0.0,True,0.71
Over 2.5,0.05476190476190479,1.68,0.65,3.37,3.0,True,0.6799999999999999
Under 2.5,0.10652173913043483,1.84,0.65,2.39,1.0,True,0.8400000000000001
Under 2.5,0.25,2.5,0.65,2.37,2.0,True,1.5
Under 2.5,0.18271604938271613,1.62,0.8,1.59,4.0,False,-1.0
Under 2.5,0.11808510638297876,1.88,0.65,2.46,4.0,False,-1.0
Over 2.5,0.11236559139784952,1.86,0.65,3.33,2.0,False,-1.0
Over 2.5,0.026439790575916278,1.91,0.55,2.81,2.0,False,-1.0
Over 2.5,0.12643979057591626,1.91,0.65,3.37,3.0,True,0.9099999999999999
Under 2.5,0.19337899543378995,2.19,0.65,2.19,4.0,False,-1.0
Over 2.5,0.09545454545454551,2.2,0.55,2.61,2.0,False,-1.0
Under 2.5,0.2782527881040892,2.69,0.65,2.49,2.0,True,1.69
Over 2.5,0.040243902439024426,1.64,0.65,3.38,4.0,True,0.6399999999999999
Under 2.5,0.17888198757763984,1.61,0.8,1.59,3.0,False,-1.0
Over 2.5,0.023684210526315863,1.9,0.55,2.84,1.0,False,-1.0
Under 2.5,0.09134078212290508,1.79,0.65,2.35,2.0,True,0.79
Under 2.5,0.12643979057591626,1.91,0.65,2.29,4.0,False,-1.0
Over 2.5,0.006521739130434856,1.84,0.55,2.54,0.0,False,-1.0
Over 2.5,0.0006493506493506773,1.54,0.65,3.44,7.0,True,0.54
Under 2.5,0.11236559139784952,1.86,0.65,2.47,4.0,False,-1.0
Under 2.5,0.14494949494949494,1.98,0.65,2.16,1.0,True,0.98
Over 2.5,0.009459459459459585,1.85,0.55,2.7,2.0,False,-1.0
Under 2.5,0.23506224066390047,2.41,0.65,2.28,2.0,True,1.4100000000000001
Over 2.5,0.08820224719101122,1.78,0.65,3.04,5.0,True,0.78
Over 2.5,0.07380952380952388,2.1,0.55,2.59,1.0,False,-1.0
Over 2.5,0.10064935064935066,1.54,0.75,3.58,3.0,True,0.54
Over 2.5,0.0092592592592593,1.35,0.75,3.72,3.0,True,0.3500000000000001
Over 2.5,0.07528735632183914,1.74,0.65,3.04,3.0,True,0.74
Under 2.5,0.3283018867924529,2.12,0.8,1.22,1.0,True,1.12
Under 2.5,0.3274193548387097,3.1,0.65,2.29,2.0,True,2.1
Under 2.5,0.009471365638766494,2.27,0.44999999999999996,2.59,2.0,True,1.27
Under 2.5,0.18917050691244242,2.17,0.65,2.26,2.0,True,1.17
Over 2.5,0.08703703703703713,2.16,0.55,2.79,2.0,False,-1.0
Over 2.5,0.14393939393939392,1.65,0.75,3.5,6.0,True,0.6499999999999999
Under 2.5,0.16456310679611652,2.06,0.65,2.09,3.0,False,-1.0
Over 2.5,0.1573891625615763,2.03,0.65,3.19,5.0,True,1.0299999999999998
Over 2.5,0.20945945945945954,1.85,0.75,3.69,1.0,False,-1.0
Under 2.5,0.14604863221884495,3.29,0.44999999999999996,2.75,5.0,False,-1.0
Under 2.5,0.25,2.5,0.65,2.14,2.0,True,1.5
Over 2.5,0.06860465116279069,1.72,0.65,3.42,2.0,False,-1.0
Over 2.5,0.16690821256038646,2.07,0.65,3.34,2.0,False,-1.0
Over 2.5,0.19444444444444442,1.8,0.75,3.63,3.0,True,0.8
Over 2.5,0.020899470899470862,1.89,0.55,2.5,4.0,True,0.8899999999999999
Over 2.5,0.11305732484076436,1.57,0.75,3.7,5.0,True,0.5700000000000001
Over 2.5,0.15495049504950498,2.02,0.65,3.25,2.0,False,-1.0
Over 2.5,0.1850282485875706,1.77,0.75,3.73,2.0,False,-1.0
Under 2.5,0.29157706093189967,2.79,0.65,2.43,5.0,False,-1.0
Under 2.5,0.1630573248407644,1.57,0.8,1.49,1.0,True,0.5700000000000001
Over 2.5,0.07380952380952388,2.1,0.55,2.74,3.0,True,1.1
Over 2.5,0.11305732484076436,1.57,0.75,3.91,3.0,True,0.5700000000000001
Over 2.5,0.14393939393939392,1.65,0.75,3.59,2.0,False,-1.0
Over 2.5,0.07606635071090051,2.11,0.55,2.69,4.0,True,1.1099999999999999
Under 2.5,0.26538461538461544,2.6,0.65,2.14,3.0,False,-1.0
Under 2.5,0.15897435897435908,1.56,0.8,0.47,2.0,True,0.56
Over 2.5,0.15828402366863903,1.69,0.75,3.89,3.0,True,0.69
Under 2.5,0.1783018867924529,2.12,0.65,2.41,6.0,False,-1.0
Under 2.5,0.14494949494949494,1.98,0.65,2.31,4.0,False,-1.0
Over 2.5,0.020899470899470862,1.89,0.55,2.63,2.0,False,-1.0
Over 2.5,0.18051643192488265,2.13,0.65,3.29,1.0,False,-1.0
Over 2.5,0.16690821256038646,2.07,0.65,3.23,4.0,True,1.0699999999999998
Over 2.5,0.16456310679611652,2.06,0.65,3.15,0.0,False,-1.0
Under 2.5,0.19954954954954962,2.22,0.65,2.49,1.0,True,1.2200000000000002
Under 2.5,0.1621951219512195,2.05,0.65,2.42,2.0,True,1.0499999999999998
Over 2.5,0.054950495049505,2.02,0.55,2.58,4.0,True,1.02
Over 2.5,0.12916666666666665,1.92,0.65,3.01,3.0,True,0.9199999999999999
Over 2.5,0.06860465116279069,1.72,0.65,3.49,1.0,False,-1.0
Over 2.5,0.08051643192488267,2.13,0.55,2.5,0.0,False,-1.0
Over 2.5,0.1850282485875706,1.77,0.75,3.53,6.0,True,0.77
Under 2.5,0.1210526315789473,3.04,0.44999999999999996,2.57,2.0,True,2.04
Over 2.5,0.09134078212290508,1.79,0.65,3.35,5.0,True,0.79
Over 2.5,0.08820224719101122,1.78,0.65,3.29,4.0,True,0.78
Under 2.5,0.10652173913043483,1.84,0.65,2.31,4.0,False,-1.0
Over 2.5,0.052487562189054704,2.01,0.55,2.5,7.0,True,1.0099999999999998
Under 2.5,0.20947136563876656,2.27,0.65,2.38,7.0,False,-1.0
Over 2.5,0.1882022471910112,1.78,0.75,3.54,1.0,False,-1.0
Over 2.5,0.18181818181818177,1.76,0.75,3.68,3.0,True,0.76
Over 2.5,0.17528735632183912,1.74,0.75,3.56,3.0,True,0.74
Under 2.5,0.26089494163424126,2.57,0.65,2.06,4.0,False,-1.0
Under 2.5,0.0928571428571428,2.8,0.44999999999999996,2.57,2.0,True,1.7999999999999998
Over 2.5,0.06860465116279069,1.72,0.65,3.46,1.0,False,-1.0
Under 2.5,0.25054945054945066,1.82,0.8,1.41,3.0,False,-1.0
Under 2.5,0.17888198757763984,1.61,0.8,1.99,2.0,True,0.6100000000000001
Over 2.5,0.07885906040268453,1.49,0.75,3.54,5.0,True,0.49
Under 2.5,0.22983193277310926,2.38,0.65,2.33,1.0,True,1.38
Under 2.5,0.09134078212290508,1.79,0.65,2.11,1.0,True,0.79
Over 2.5,0.04748743718592974,1.99,0.55,2.78,3.0,True,0.99
Under 2.5,0.061764705882352944,1.7,0.65,2.23,6.0,False,-1.0
Over 2.5,0.25,2.0,0.75,3.66,3.0,True,1.0
Under 2.5,0.06685823754789266,2.61,0.44999999999999996,2.74,3.0,False,-1.0
Under 2.5,0.22081545064377683,2.33,0.65,2.44,2.0,True,1.33
Under 2.5,0.10635738831615116,2.91,0.44999999999999996,2.58,4.0,False,-1.0
Over 2.5,0.13186528497409322,1.93,0.65,3.01,0.0,False,-1.0
Under 2.5,0.06389961389961385,2.59,0.44999999999999996,2.96,3.0,False,-1.0
Under 2.5,0.20357142857142863,2.24,0.65,2.47,6.0,False,-1.0
Under 2.5,0.12916666666666665,1.92,0.65,2.36,1.0,True,0.9199999999999999
Over 2.5,0.06520467836257315,1.71,0.65,3.15,3.0,True,0.71
Under 2.5,0.20119760479041915,1.67,0.8,1.52,0.0,True,0.6699999999999999
Over 2.5,0.021069182389937158,1.59,0.65,3.4,5.0,True,0.5900000000000001
Over 2.5,0.09444444444444444,1.8,0.65,3.42,5.0,True,0.8
Under 2.5,0.06860465116279069,1.72,0.65,2.31,2.0,True,0.72
Over 2.5,0.2645631067961165,2.06,0.75,3.61,5.0,True,1.06
Over 2.5,0.11524064171123005,1.87,0.65,3.28,3.0,True,0.8700000000000001
Over 2.5,0.12916666666666665,1.92,0.65,3.19,4.0,True,0.9199999999999999
Over 2.5,0.1598039215686275,2.04,0.65,3.36,3.0,True,1.04
Under 2.5,0.04839357429718877,2.49,0.44999999999999996,2.64,1.0,True,1.4900000000000002
Over 2.5,0.021069182389937158,1.59,0.65,3.31,5.0,True,0.5900000000000001
Over 2.5,0.16520467836257313,1.71,0.75,3.76,1.0,False,-1.0
Under 2.5,0.028059071729957807,2.37,0.44999999999999996,2.63,4.0,False,-1.0
Over 2.5,0.08271028037383182,2.14,0.55,2.9,2.0,False,-1.0
Under 2.5,0.2318181818181818,1.76,0.8,1.71,4.0,False,-1.0
Under 2.5,0.1506493506493507,1.54,0.8,1.63,1.0,True,0.54
Under 2.5,0.3505988023952096,3.34,0.65,2.39,4.0,False,-1.0
Over 2.5,0.06506849315068497,1.46,0.75,3.56,4.0,True,0.45999999999999996
Over 2.5,0.1402439024390244,1.64,0.75,3.86,4.0,True,0.6399999999999999
Under 2.5,0.05828402366863905,1.69,0.65,2.45,2.0,True,0.69
Over 2.5,0.12368421052631584,1.9,0.65,3.47,2.0,False,-1.0
Under 2.5,0.22196531791907514,1.73,0.8,1.75,3.0,False,-1.0
Under 2.5,0.1954545454545455,2.2,0.65,2.16,4.0,False,-1.0
Over 2.5,0.08502824858757063,1.77,0.65,3.0,1.0,False,-1.0
Over 2.5,0.06690821256038648,2.07,0.55,2.8,3.0,True,1.0699999999999998
Under 2.5,0.13979591836734695,1.96,0.65,2.33,4.0,False,-1.0
Under 2.5,0.11808510638297876,1.88,0.65,2.27,1.0,True,0.8799999999999999
Under 2.5,0.0035714285714285587,2.24,0.44999999999999996,2.7,2.0,True,1.2400000000000002
Under 2.5,0.17106918238993718,1.59,0.8,1.96,4.0,False,-1.0
Over 2.5,0.11524064171123005,1.87,0.65,3.41,4.0,True,0.8700000000000001
Over 2.5,0.13271604938271608,1.62,0.75,3.63,5.0,True,0.6200000000000001
Over 2.5,0.08820224719101122,1.78,0.65,3.47,5.0,True,0.78
Under 2.5,0.28186528497409324,1.93,0.8,1.99,3.0,False,-1.0
Under 2.5,0.1954545454545455,2.2,0.65,2.35,1.0,True,1.2000000000000002
Over 2.5,0.15495049504950498,2.02,0.65,3.37,1.0,False,-1.0
Under 2.5,0.17153110047846887,2.09,0.65,2.19,0.0,True,1.0899999999999999
Under 2.5,0.11808510638297876,1.88,0.65,2.21,2.0,True,0.8799999999999999
Under 2.5,0.08181818181818179,1.76,0.65,2.35,0.0,True,0.76
Over 2.5,0.020899470899470862,1.89,0.55,2.68,4.0,True,0.8899999999999999
Over 2.5,0.014705882352941235,1.36,0.75,3.61,2.0,False,-1.0
Under 2.5,0.04969969969969967,3.33,0.35,3.19,2.0,True,2.33
Under 2.5,0.1954545454545455,2.2,0.65,2.35,2.0,True,1.2000000000000002
Over 2.5,0.043939393939393945,1.65,0.65,3.45,3.0,True,0.6499999999999999
Over 2.5,0.04577464788732388,1.42,0.75,3.93,4.0,True,0.41999999999999993
Over 2.5,0.125,1.6,0.75,3.64,1.0,False,-1.0
Over 2.5,0.09128440366972485,2.18,0.55,2.61,2.0,False,-1.0
Under 2.5,0.11524064171123005,1.87,0.65,2.43,1.0,True,0.8700000000000001
Over 2.5,0.052487562189054704,2.01,0.55,2.62,1.0,False,-1.0
Over 2.5,0.13650306748466257,1.63,0.75,3.55,6.0,True,0.6299999999999999
Over 2.5,0.25248756218905466,2.01,0.75,3.61,1.0,False,-1.0
Under 2.5,0.08684210526315789,3.8,0.35,3.27,6.0,False,-1.0
Under 2.5,0.19393939393939397,1.65,0.8,1.41,2.0,True,0.6499999999999999
Over 2.5,0.03650306748466259,1.63,0.65,3.47,4.0,True,0.6299999999999999
Over 2.5,0.0006493506493506773,1.54,0.65,3.35,1.0,False,-1.0
Over 2.5,0.14494949494949494,1.98,0.65,3.35,2.0,False,-1.0
Over 2.5,0.003551912568306115,1.83,0.55,2.58,4.0,True,0.8300000000000001
Under 2.5,0.0475903614457831,1.66,0.65,2.41,3.0,False,-1.0
Under 2.5,0.14640522875816997,1.53,0.8,1.61,2.0,True,0.53
Over 2.5,0.054950495049505,2.02,0.55,2.82,5.0,True,1.02
Over 2.5,0.15828402366863903,1.69,0.75,3.58,3.0,True,0.69
Over 2.5,0.07528735632183914,1.74,0.65,3.23,5.0,True,0.74
Under 2.5,0.001569506726457337,2.23,0.44999999999999996,2.69,3.0,False,-1.0
Over 2.5,0.23717948717948711,1.95,0.75,3.6,3.0,True,0.95
Over 2.5,0.16860465116279066,1.72,0.75,3.63,2.0,False,-1.0
Over 2.5,0.13717948717948714,1.95,0.65,3.21,5.0,True,0.95
Over 2.5,0.12368421052631584,1.9,0.65,3.2,3.0,True,0.8999999999999999
Over 2.5,0.22983193277310926,2.38,0.65,3.11,3.0,True,1.38
Under 2.5,0.01709956709956706,2.31,0.44999999999999996,2.7,2.0,True,1.31
Over 2.5,0.021069182389937158,1.59,0.65,3.16,2.0,False,-1.0
Under 2.5,0.3394409937888199,3.22,0.65,2.28,2.0,True,2.22
Under 2.5,0.0475903614457831,1.66,0.65,2.1,5.0,False,-1.0
Over 2.5,0.10945945945945956,1.85,0.65,3.48,4.0,True,0.8500000000000001
Under 2.5,0.09751381215469612,1.81,0.65,2.01,3.0,False,-1.0
Over 2.5,0.23453608247422675,1.94,0.75,3.55,6.0,True,0.94
Under 2.5,0.11808510638297876,1.88,0.65,2.38,3.0,False,-1.0
Over 2.5,0.16176470588235292,1.7,0.75,3.92,4.0,True,0.7
Over 2.5,0.11808510638297876,1.88,0.65,3.29,1.0,False,-1.0
Under 2.5,0.26089494163424126,2.57,0.65,2.44,5.0,False,-1.0
Under 2.5,0.11808510638297876,1.88,0.65,2.47,2.0,True,0.8799999999999999
Over 2.5,0.1598039215686275,2.04,0.65,3.22,6.0,True,1.04
Under 2.5,0.05828402366863905,1.69,0.65,2.4,1.0,True,0.69
Under 2.5,0.2680851063829788,1.88,0.8,1.99,2.0,True,0.8799999999999999
Over 2.5,0.09751381215469612,1.81,0.65,3.3,4.0,True,0.81
Under 2.5,0.11996699669966993,3.03,0.44999999999999996,2.6,6.0,False,-1.0
Over 2.5,0.13158995815899588,2.39,0.55,2.52,1.0,False,-1.0
Under 2.5,0.25054945054945066,1.82,0.8,1.62,4.0,False,-1.0
Over 2.5,0.003551912568306115,1.83,0.55,2.85,0.0,False,-1.0
Under 2.5,0.1506493506493507,1.54,0.8,1.45,3.0,False,-1.0
Under 2.5,0.23820224719101124,1.78,0.8,1.54,3.0,False,-1.0
Over 2.5,0.15828402366863903,1.69,0.75,3.73,1.0,False,-1.0
Over 2.5,0.14494949494949494,1.98,0.65,3.42,1.0,False,-1.0
Over 2.5,0.2123655913978495,1.86,0.75,3.52,3.0,True,0.8600000000000001
Over 2.5,0.004838709677419395,1.55,0.65,3.27,2.0,False,-1.0
Under 2.5,0.2680851063829788,1.88,0.8,1.36,1.0,True,0.8799999999999999
Over 2.5,0.25980392156862747,2.04,0.75,3.7,4.0,True,1.04
Over 2.5,0.0170886075949368,1.58,0.65,3.3,3.0,True,0.5800000000000001
Under 2.5,0.15248756218905468,2.01,0.65,2.02,4.0,False,-1.0
Over 2.5,0.03650306748466259,1.63,0.65,3.44,3.0,True,0.6299999999999999
Under 2.5,0.12916666666666665,1.92,0.65,2.09,0.0,True,0.9199999999999999
Under 2.5,0.02264957264957257,2.34,0.44999999999999996,2.57,3.0,False,-1.0
Over 2.5,0.04748743718592974,1.99,0.55,2.64,5.0,True,0.99
Under 2.5,0.13453608247422677,1.94,0.65,2.34,2.0,True,0.94
Under 2.5,0.30000000000000004,2.0,0.8,1.98,2.0,True,1.0
Over 2.5,0.05555555555555558,1.44,0.75,3.68,3.0,True,0.43999999999999995
Under 2.5,0.11524064171123005,1.87,0.65,2.33,2.0,True,0.8700000000000001
Under 2.5,0.2953900709219858,2.82,0.65,2.13,4.0,False,-1.0
Under 2.5,0.0915770609318996,2.79,0.44999999999999996,2.83,5.0,False,-1.0
Over 2.5,0.029166666666666674,1.92,0.55,2.62,3.0,True,0.9199999999999999
Under 2.5,0.036776859504132176,2.42,0.44999999999999996,2.57,6.0,False,-1.0
Over 2.5,0.07153110047846889,2.09,0.55,2.82,2.0,False,-1.0
Under 2.5,0.02264957264957257,2.34,0.44999999999999996,2.68,5.0,False,-1.0
Over 2.5,0.2573891625615763,2.03,0.75,3.95,2.0,False,-1.0
Over 2.5,0.057389162561576335,2.03,0.55,2.62,3.0,True,1.0299999999999998
Under 2.5,0.13186528497409322,1.93,0.65,2.16,3.0,False,-1.0
Over 2.5,0.10054945054945064,1.82,0.65,3.19,4.0,True,0.8200000000000001
Over 2.5,0.07196531791907512,1.73,0.65,3.45,4.0,True,0.73
Under 2.5,0.22196531791907514,1.73,0.8,1.95,0.0,True,0.73
Over 2.5,0.23453608247422675,1.94,0.75,3.53,4.0,True,0.94
Over 2.5,0.18181818181818177,1.76,0.75,3.88,3.0,True,0.76
Over 2.5,0.09337899543378997,2.19,0.55,2.77,4.0,True,1.19
Over 2.5,0.031865284974093244,1.93,0.55,2.63,5.0,True,0.9299999999999999
Under 2.5,0.10945945945945956,1.85,0.65,2.48,2.0,True,0.8500000000000001
Over 2.5,0.15476190476190477,1.68,0.75,3.71,3.0,True,0.6799999999999999
Under 2.5,0.28898916967509025,2.77,0.65,2.38,6.0,False,-1.0
Over 2.5,0.040243902439024426,1.64,0.65,3.27,3.0,True,0.6399999999999999
Under 2.5,0.09444444444444444,1.8,0.65,2.15,2.0,True,0.8
Over 2.5,0.10054945054945064,1.82,0.65,3.18,1.0,False,-1.0
Under 2.5,0.22857142857142865,1.75,0.8,1.97,2.0,True,0.75
Over 2.5,0.07153110047846889,2.09,0.55,2.74,2.0,False,-1.0
Over 2.5,0.07857142857142863,1.75,0.65,3.44,3.0,True,0.75
Under 2.5,0.26685823754789273,2.61,0.65,2.35,3.0,False,-1.0
Over 2.5,0.07606635071090051,2.11,0.55,2.72,0.0,False,-1.0
Under 2.5,0.40429975429975434,4.07,0.65,2.02,6.0,False,-1.0
Over 2.5,0.0170886075949368,1.58,0.65,3.4,0.0,False,-1.0
Under 2.5,0.1783018867924529,2.12,0.65,2.3,3.0,False,-1.0
Over 2.5,0.17380952380952386,2.1,0.65,3.47,5.0,True,1.1
Under 2.5,0.24751381215469614,1.81,0.8,1.97,1.0,True,0.81
Over 2.5,0.1423857868020305,1.97,0.65,3.02,7.0,True,0.97
Under 2.5,0.13453608247422677,1.94,0.65,2.44,5.0,False,-1.0
Over 2.5,0.12106918238993714,1.59,0.75,3.65,8.0,True,0.5900000000000001
Over 2.5,0.0170886075949368,1.58,0.65,3.08,3.0,True,0.5800000000000001
Over 2.5,0.057389162561576335,2.03,0.55,2.55,1.0,False,-1.0
Over 2.5,0.14748743718592972,1.99,0.65,3.14,0.0,False,-1.0
Over 2.5,0.018085106382978777,1.88,0.55,2.56,5.0,True,0.8799999999999999
Over 2.5,0.050000000000000044,2.0,0.55,2.57,3.0,True,1.0
Over 2.5,0.05555555555555558,1.44,0.75,3.84,9.0,True,0.43999999999999995
Under 2.5,0.1935897435897435,3.9,0.44999999999999996,2.69,4.0,False,-1.0
Over 2.5,0.2065217391304348,1.84,0.75,4.07,3.0,True,0.8400000000000001
Over 2.5,0.009459459459459585,1.85,0.55,2.85,3.0,True,0.8500000000000001
Over 2.5,0.025000000000000022,1.6,0.65,3.47,5.0,True,0.6000000000000001
Over 2.5,0.25248756218905466,2.01,0.75,3.78,2.0,False,-1.0
Over 2.5,0.22368421052631582,1.9,0.75,3.55,4.0,True,0.8999999999999999
Over 2.5,0.24494949494949492,1.98,0.75,3.61,2.0,False,-1.0
Under 2.5,0.19128440366972482,2.18,0.65,2.44,0.0,True,1.1800000000000002
Under 2.5,0.1630573248407644,1.57,0.8,1.69,3.0,False,-1.0
Under 2.5,0.25629921259842525,2.54,0.65,2.34,1.0,True,1.54
Over 2.5,0.2065217391304348,1.84,0.75,3.9,0.0,False,-1.0
Over 2.5,0.13453608247422677,1.94,0.65,3.48,3.0,True,0.94
Over 2.5,0.08333333333333337,1.5,0.75,3.52,1.0,False,-1.0
Under 2.5,0.2768656716417911,2.68,0.65,2.4,4.0,False,-1.0
Over 2.5,0.015240641711230074,1.87,0.55,2.8,3.0,True,0.8700000000000001
Over 2.5,0.023684210526315863,1.9,0.55,2.54,4.0,True,0.8999999999999999
Over 2.5,0.1511976047904191,1.67,0.75,3.51,2.0,False,-1.0
Over 2.5,0.22643979057591623,1.91,0.75,3.54,4.0,True,0.9099999999999999
Over 2.5,0.006521739130434856,1.84,0.55,2.68,0.0,False,-1.0
Over 2.5,0.059803921568627516,2.04,0.55,2.97,5.0,True,1.04
Over 2.5,0.22368421052631582,1.9,0.75,3.86,5.0,True,0.8999999999999999
Under 2.5,0.26089494163424126,2.57,0.65,2.32,5.0,False,-1.0
Over 2.5,0.19134078212290506,1.79,0.75,3.58,7.0,True,0.79
Under 2.5,0.10652173913043483,1.84,0.65,2.46,4.0,False,-1.0
Over 2.5,0.15495049504950498,2.02,0.65,3.46,2.0,False,-1.0
Over 2.5,0.11808510638297876,1.88,0.65,3.42,4.0,True,0.8799999999999999
Under 2.5,0.07857142857142863,1.75,0.65,2.37,3.0,False,-1.0
Over 2.5,0.2318652849740932,1.93,0.75,3.53,1.0,False,-1.0
Over 2.5,0.08820224719101122,1.78,0.65,3.14,2.0,False,-1.0
Under 2.5,0.141358024691358,3.24,0.44999999999999996,2.87,3.0,False,-1.0
Over 2.5,0.08488372093023261,2.15,0.55,2.98,3.0,True,1.15
Over 2.5,0.12643979057591626,1.91,0.65,3.05,3.0,True,0.9099999999999999
Over 2.5,0.09444444444444444,1.8,0.65,3.15,4.0,True,0.8
Under 2.5,0.05476190476190479,1.68,0.65,2.33,3.0,False,-1.0
Under 2.5,0.12089947089947084,1.89,0.65,2.32,4.0,False,-1.0
Under 2.5,0.16690821256038646,2.07,0.65,2.41,4.0,False,-1.0
Under 2.5,0.20947136563876656,2.27,0.65,2.34,3.0,False,-1.0
Over 2.5,0.031865284974093244,1.93,0.55,2.63,2.0,False,-1.0
Over 2.5,0.1423857868020305,1.97,0.65,3.01,1.0,False,-1.0
Over 2.5,0.1402439024390244,1.64,0.75,3.68,0.0,False,-1.0
Over 2.5,0.1850282485875706,1.77,0.75,3.58,2.0,False,-1.0
Over 2.5,0.125,1.6,0.75,3.82,4.0,True,0.6000000000000001
Under 2.5,0.10652173913043483,1.84,0.65,2.38,5.0,False,-1.0
Over 2.5,0.0006493506493506773,1.54,0.65,3.49,3.0,True,0.54
Under 2.5,0.08820224719101122,1.78,0.65,2.38,2.0,True,0.78
Over 2.5,0.11808510638297876,1.88,0.65,3.06,4.0,True,0.8799999999999999
Over 2.5,0.10054945054945064,1.82,0.65,3.42,3.0,True,0.8200000000000001
Over 2.5,0.061764705882352944,1.7,0.65,3.3,3.0,True,0.7
Over 2.5,0.07380952380952388,2.1,0.55,2.54,3.0,True,1.1
Under 2.5,0.2047619047619048,1.68,0.8,1.94,1.0,True,0.6799999999999999
Under 2.5,0.10945945945945956,1.85,0.65,2.01,1.0,True,0.8500000000000001
Over 2.5,0.19134078212290506,1.79,0.75,4.0,2.0,False,-1.0
Over 2.5,0.09640522875816993,1.53,0.75,3.61,6.0,True,0.53
Over 2.5,0.06923076923076932,2.08,0.55,2.63,2.0,False,-1.0
Under 2.5,0.043939393939393945,1.65,0.65,2.05,2.0,True,0.6499999999999999
Under 2.5,0.15248756218905468,2.01,0.65,2.39,4.0,False,-1.0
Under 2.5,0.26832061068702295,2.62,0.65,2.48,3.0,False,-1.0
Over 2.5,0.07196531791907512,1.73,0.65,3.46,1.0,False,-1.0
Over 2.5,0.2065217391304348,1.84,0.75,3.6,1.0,False,-1.0
Over 2.5,0.04748743718592974,1.99,0.55,2.53,3.0,True,0.99
Under 2.5,0.14748743718592972,1.99,0.65,2.09,3.0,False,-1.0
Over 2.5,0.06456310679611654,2.06,0.55,2.67,2.0,False,-1.0
Over 2.5,0.1402439024390244,1.64,0.75,3.7,1.0,False,-1.0
Over 2.5,0.20357142857142863,2.24,0.65,3.42,2.0,False,-1.0
Under 2.5,0.2413407821229051,1.79,0.8,1.69,2.0,True,0.79
Over 2.5,0.07857142857142863,1.75,0.65,3.4,5.0,True,0.75
Over 2.5,0.054950495049505,2.02,0.55,2.92,2.0,False,-1.0
Over 2.5,0.07885906040268453,1.49,0.75,3.69,4.0,True,0.49
Over 2.5,0.10945945945945956,1.85,0.65,3.28,4.0,True,0.8500000000000001
Over 2.5,0.1692307692307693,2.08,0.65,3.26,1.0,False,-1.0
Over 2.5,0.1402439024390244,1.64,0.75,3.6,2.0,False,-1.0
Under 2.5,0.06860465116279069,1.72,0.65,2.31,2.0,True,0.72
Under 2.5,0.12368421052631584,1.9,0.65,2.19,1.0,True,0.8999999999999999
Over 2.5,0.006521739130434856,1.84,0.55,2.72,2.0,False,-1.0
Over 2.5,0.0005494505494506585,1.82,0.55,2.7,0.0,False,-1.0
Under 2.5,0.06520467836257315,1.71,0.65,2.1,4.0,False,-1.0
Over 2.5,0.20947136563876656,2.27,0.65,3.47,2.0,False,-1.0
Over 2.5,0.25980392156862747,2.04,0.75,3.62,2.0,False,-1.0
Under 2.5,0.1827102803738318,2.14,0.65,2.2,2.0,True,1.1400000000000001
Over 2.5,0.17153110047846887,2.09,0.65,3.1,1.0,False,-1.0
Over 2.5,0.1573891625615763,2.03,0.65,3.37,1.0,False,-1.0
Over 2.5,0.043939393939393945,1.65,0.65,3.3,7.0,True,0.6499999999999999
Over 2.5,0.020899470899470862,1.89,0.55,2.52,5.0,True,0.8899999999999999
Over 2.5,0.10555555555555562,2.25,0.55,2.56,1.0,False,-1.0
Over 2.5,0.14494949494949494,1.98,0.65,3.43,4.0,True,0.98
Under 2.5,0.21140350877192982,2.28,0.65,2.33,0.0,True,1.2799999999999998
Over 2.5,0.08488372093023261,2.15,0.55,2.52,3.0,True,1.15
Over 2.5,0.06456310679611654,2.06,0.55,2.51,2.0,False,-1.0
Under 2.5,0.08181818181818179,1.76,0.65,2.22,4.0,False,-1.0
Over 2.5,0.15000000000000002,2.0,0.65,3.33,6.0,True,1.0
Over 2.5,0.12916666666666665,1.92,0.65,3.41,3.0,True,0.9199999999999999
Over 2.5,0.13186528497409322,1.93,0.65,3.16,2.0,False,-1.0
Under 2.5,0.3215311004784689,2.09,0.8,1.73,6.0,False,-1.0
Over 2.5,0.059803921568627516,2.04,0.55,2.82,3.0,True,1.04
Over 2.5,0.12368421052631584,1.9,0.65,3.44,2.0,False,-1.0
Over 2.5,0.23453608247422675,1.94,0.75,3.79,3.0,True,0.94
Under 2.5,0.11808510638297876,1.88,0.65,2.15,3.0,False,-1.0
Over 2.5,0.08271028037383182,2.14,0.55,2.63,6.0,True,1.1400000000000001
Under 2.5,0.14748743718592972,1.99,0.65,2.32,2.0,True,0.99
Over 2.5,0.050000000000000044,2.0,0.55,2.64,3.0,True,1.0
Over 2.5,0.10945945945945956,1.85,0.65,3.44,1.0,False,-1.0
Over 2.5,0.1870370370370371,2.16,0.65,3.03,1.0,False,-1.0
Over 2.5,0.1402439024390244,1.64,0.75,3.6,4.0,True,0.6399999999999999
Over 2.5,0.052487562189054704,2.01,0.55,2.91,3.0,True,1.0099999999999998
Over 2.5,0.09751131221719461,2.21,0.55,2.55,4.0,True,1.21
Over 2.5,0.15828402366863903,1.69,0.75,3.66,5.0,True,0.69
Over 2.5,0.20357142857142863,2.24,0.65,3.07,2.0,False,-1.0
Over 2.5,0.19444444444444442,1.8,0.75,3.77,4.0,True,0.8
Under 2.5,0.26240310077519385,2.58,0.65,2.49,6.0,False,-1.0
Over 2.5,0.2423857868020305,1.97,0.75,3.9,2.0,False,-1.0
Under 2.5,0.06860465116279069,1.72,0.65,2.46,3.0,False,-1.0
Over 2.5,0.07830188679245292,2.12,0.55,2.97,4.0,True,1.12
Under 2.5,0.15897435897435908,1.56,0.8,1.59,2.0,True,0.56
Over 2.5,0.1785714285714286,1.75,0.75,3.55,2.0,False,-1.0
Over 2.5,0.125,1.6,0.75,3.67,5.0,True,0.6000000000000001
Over 2.5,0.13717948717948714,1.95,0.65,3.16,2.0,False,-1.0
Over 2.5,0.059803921568627516,2.04,0.55,2.76,5.0,True,1.04
Under 2.5,0.1865030674846626,1.63,0.8,1.87,7.0,False,-1.0
Under 2.5,0.304950495049505,2.02,0.8,1.71,6.0,False,-1.0
Over 2.5,0.10064935064935066,1.54,0.75,3.77,3.0,True,0.54
Over 2.5,0.054950495049505,2.02,0.55,2.57,4.0,True,1.02
Under 2.5,0.29028776978417264,2.78,0.65,2.3,1.0,True,1.7799999999999998
Over 2.5,0.10897435897435903,1.56,0.75,3.83,1.0,False,-1.0
Over 2.5,0.19337899543378995,2.19,0.65,3.16,1.0,False,-1.0
Over 2.5,0.1402439024390244,1.64,0.75,3.52,2.0,False,-1.0
Over 2.5,0.10355191256830609,1.83,0.65,3.48,8.0,True,0.8300000000000001
Over 2.5,0.050000000000000044,2.0,0.55,2.62,7.0,True,1.0
Under 2.5,0.2055555555555556,2.25,0.65,2.25,2.0,True,1.25
Over 2.5,0.07857142857142863,1.75,0.65,3.33,3.0,True,0.75
Under 2.5,0.14748743718592972,1.99,0.65,2.34,4.0,False,-1.0
Over 2.5,0.03717948717948716,1.95,0.55,2.54,2.0,False,-1.0
Over 2.5,0.07885906040268453,1.49,0.75,3.8,3.0,True,0.49
Over 2.5,0.1785714285714286,1.75,0.75,3.58,4.0,True,0.75
Under 2.5,0.10054945054945064,1.82,0.65,2.29,4.0,False,-1.0
Under 2.5,0.08820224719101122,1.78,0.65,2.11,2.0,True,0.78
Under 2.5,0.3063573883161512,2.91,0.65,2.34,4.0,False,-1.0
Over 2.5,0.19444444444444442,1.8,0.75,3.58,4.0,True,0.8
Over 2.5,0.09210526315789469,1.52,0.75,3.86,2.0,False,-1.0
Over 2.5,0.08333333333333337,1.5,0.75,3.51,5.0,True,0.5
Under 2.5,0.2697718631178707,2.63,0.65,2.31,3.0,False,-1.0
Over 2.5,0.05476190476190479,1.68,0.65,3.47,1.0,False,-1.0
Under 2.5,0.19337899543378995,2.19,0.65,2.26,2.0,True,1.19
Under 2.5,0.2531746031746032,2.52,0.65,2.45,3.0,False,-1.0
Over 2.5,0.043939393939393945,1.65,0.65,3.22,3.0,True,0.6499999999999999
Over 2.5,0.018085106382978777,1.88,0.55,2.96,2.0,False,-1.0
Over 2.5,0.042385786802030534,1.97,0.55,2.58,1.0,False,-1.0
Over 2.5,0.18181818181818177,1.76,0.75,3.54,6.0,True,0.76
Over 2.5,0.05119760479041913,1.67,0.65,3.22,2.0,False,-1.0
Under 2.5,0.05119760479041913,1.67,0.65,2.13,3.0,False,-1.0
Under 2.5,0.3283018867924529,2.12,0.8,1.81,5.0,False,-1.0
Over 2.5,0.031865284974093244,1.93,0.55,2.66,3.0,True,0.9299999999999999
Over 2.5,0.020899470899470862,1.89,0.55,2.57,4.0,True,0.8899999999999999
Over 2.5,0.12916666666666665,1.92,0.65,3.11,1.0,False,-1.0
Under 2.5,0.06977186311787065,2.63,0.44999999999999996,2.52,4.0,False,-1.0
Under 2.5,0.07528735632183914,1.74,0.65,2.43,1.0,True,0.74
Over 2.5,0.10483870967741937,1.55,0.75,3.82,2.0,False,-1.0
Over 2.5,0.10945945945945956,1.85,0.65,3.16,4.0,True,0.8500000000000001
Under 2.5,0.11101694915254234,2.95,0.44999999999999996,2.59,6.0,False,-1.0
Under 2.5,0.2152173913043478,2.3,0.65,2.4,1.0,True,1.2999999999999998
Over 2.5,0.17528735632183912,1.74,0.75,3.5,4.0,True,0.74
Under 2.5,0.2047619047619048,1.68,0.8,1.77,5.0,False,-1.0
Over 2.5,0.10483870967741937,1.55,0.75,3.63,4.0,True,0.55
Under 2.5,0.1423857868020305,1.97,0.65,2.32,4.0,False,-1.0
Under 2.5,0.0015679442508710895,2.87,0.35,3.26,4.0,False,-1.0
Over 2.5,0.13271604938271608,1.62,0.75,3.69,4.0,True,0.6200000000000001
Over 2.5,0.1402439024390244,1.64,0.75,3.99,0.0,False,-1.0
Under 2.5,0.12916666666666665,1.92,0.65,2.37,2.0,True,0.9199999999999999
Under 2.5,0.2594594594594596,1.85,0.8,1.57,2.0,True,0.8500000000000001
Over 2.5,0.029166666666666674,1.92,0.55,2.59,4.0,True,0.9199999999999999
Over 2.5,0.08774834437086088,1.51,0.75,3.75,4.0,True,0.51
Over 2.5,0.061764705882352944,1.7,0.65,3.12,1.0,False,-1.0
Under 2.5,0.3555555555555556,2.25,0.8,1.69,8.0,False,-1.0
Under 2.5,0.21331877729257642,2.29,0.65,2.24,2.0,True,1.29
Over 2.5,0.10064935064935066,1.54,0.75,3.93,4.0,True,0.54
Under 2.5,0.3192307692307693,2.08,0.8,1.97,1.0,True,1.08
Over 2.5,0.13186528497409322,1.93,0.65,3.43,2.0,False,-1.0
Under 2.5,0.19393939393939397,1.65,0.8,1.18,0.0,True,0.6499999999999999
Under 2.5,0.12368421052631584,1.9,0.65,2.1,4.0,False,-1.0
Under 2.5,0.04349593495934956,2.46,0.44999999999999996,2.81,1.0,True,1.46
Over 2.5,0.0092592592592593,1.35,0.75,3.64,4.0,True,0.3500000000000001
Over 2.5,0.09444444444444444,1.8,0.65,3.12,2.0,False,-1.0
Under 2.5,0.09444444444444444,1.8,0.65,2.25,4.0,False,-1.0
Under 2.5,0.1573891625615763,2.03,0.65,2.42,4.0,False,-1.0
Under 2.5,0.12916666666666665,1.92,0.65,2.29,3.0,False,-1.0
Under 2.5,0.026375404530744273,3.09,0.35,3.46,3.0,False,-1.0
Under 2.5,0.03158995815899579,2.39,0.44999999999999996,2.56,5.0,False,-1.0
Over 2.5,0.12089947089947084,1.89,0.65,3.09,3.0,True,0.8899999999999999
Under 2.5,0.33051118210862623,3.13,0.65,2.14,5.0,False,-1.0
Under 2.5,0.17380952380952386,2.1,0.65,2.07,4.0,False,-1.0
Under 2.5,0.2638996138996139,2.59,0.65,2.4,4.0,False,-1.0
Under 2.5,0.3063573883161512,2.91,0.65,2.46,3.0,False,-1.0
Under 2.5,0.2845360824742268,1.94,0.8,1.78,3.0,False,-1.0
Under 2.5,0.2047619047619048,1.68,0.8,1.42,2.0,True,0.6799999999999999
Over 2.5,0.09134078212290508,1.79,0.65,3.42,1.0,False,-1.0
Under 2.5,0.12637540453074425,3.09,0.44999999999999996,2.98,2.0,True,2.09
Under 2.5,0.2531746031746032,2.52,0.65,2.28,1.0,True,1.52
Under 2.5,0.26832061068702295,2.62,0.65,2.28,4.0,False,-1.0
Under 2.5,0.3098639455782313,2.94,0.65,2.16,2.0,True,1.94
Under 2.5,0.1621951219512195,2.05,0.65,2.4,5.0,False,-1.0
Over 2.5,0.21808510638297873,1.88,0.75,3.62,1.0,False,-1.0
Under 2.5,0.3192307692307693,2.08,0.8,1.92,3.0,False,-1.0
Over 2.5,0.10652173913043483,1.84,0.65,3.48,5.0,True,0.8400000000000001
Over 2.5,0.20054945054945061,1.82,0.75,3.57,3.0,True,0.8200000000000001
Over 2.5,0.059803921568627516,2.04,0.55,2.8,1.0,False,-1.0
Over 2.5,0.16520467836257313,1.71,0.75,3.62,1.0,False,-1.0
Under 2.5,0.18051643192488265,2.13,0.65,2.45,4.0,False,-1.0
Under 2.5,0.10652173913043483,1.84,0.65,2.46,2.0,True,0.8400000000000001
Under 2.5,0.2594594594594596,1.85,0.8,1.5,1.0,True,0.8500000000000001
Under 2.5,0.05588235294117644,3.4,0.35,3.05,2.0,True,2.4
Over 2.5,0.04494949494949496,1.98,0.55,2.99,2.0,False,-1.0
Over 2.5,0.029166666666666674,1.92,0.55,2.63,3.0,True,0.9199999999999999
Under 2.5,0.011403508771929749,2.28,0.44999999999999996,2.72,3.0,False,-1.0
Under 2.5,0.2535519125683061,1.83,0.8,1.26,2.0,True,0.8300000000000001
Over 2.5,0.08820224719101122,1.78,0.65,3.44,2.0,False,-1.0
Under 2.5,0.015551839464882922,2.99,0.35,3.14,3.0,False,-1.0
Over 2.5,0.13650306748466257,1.63,0.75,3.79,2.0,False,-1.0
Under 2.5,0.09751381215469612,1.81,0.65,2.35,2.0,True,0.81
Under 2.5,0.28099630996309966,2.71,0.65,2.37,4.0,False,-1.0
Over 2.5,0.15828402366863903,1.69,0.75,3.64,3.0,True,0.69
Under 2.5,0.055014749262536855,3.39,0.35,3.28,0.0,True,2.39
Under 2.5,0.285036496350365,2.74,0.65,2.17,2.0,True,1.7400000000000002
Over 2.5,0.0006493506493506773,1.54,0.65,3.01,3.0,True,0.54
Over 2.5,0.15476190476190477,1.68,0.75,3.57,2.0,False,-1.0
Under 2.5,0.31456310679611654,2.06,0.8,1.78,1.0,True,1.06
Over 2.5,0.03650306748466259,1.63,0.65,3.21,5.0,True,0.6299999999999999
Under 2.5,0.22857142857142865,1.75,0.8,1.41,5.0,False,-1.0
Under 2.5,0.13453608247422677,1.94,0.65,2.22,3.0,False,-1.0
Over 2.5,0.0475903614457831,1.66,0.65,3.26,5.0,True,0.6599999999999999
Under 2.5,0.21520467836257318,1.71,0.8,1.76,4.0,False,-1.0
Under 2.5,0.09751381215469612,1.81,0.65,2.07,3.0,False,-1.0
Over 2.5,0.18181818181818177,1.76,0.75,3.57,3.0,True,0.76
Under 2.5,0.29028776978417264,2.78,0.65,2.4,6.0,False,-1.0
Under 2.5,0.2680851063829788,1.88,0.8,1.52,2.0,True,0.8799999999999999
Over 2.5,0.028881987577639823,1.61,0.65,3.43,5.0,True,0.6100000000000001
Under 2.5,0.15000000000000002,2.0,0.65,2.4,5.0,False,-1.0
Under 2.5,0.2413407821229051,1.79,0.8,1.91,4.0,False,-1.0
Over 2.5,0.14393939393939392,1.65,0.75,3.84,3.0,True,0.6499999999999999
Under 2.5,0.36140350877192984,2.28,0.8,1.85,4.0,False,-1.0
Under 2.5,0.060894941634241195,2.57,0.44999999999999996,2.51,4.0,False,-1.0
Under 2.5,0.3478851963746224,3.31,0.65,2.48,4.0,False,-1.0
Over 2.5,0.14393939393939392,1.65,0.75,3.53,2.0,False,-1.0
Over 2.5,0.040243902439024426,1.64,0.65,3.39,4.0,True,0.6399999999999999
Under 2.5,0.27368421052631586,1.9,0.8,1.95,4.0,False,-1.0
Over 2.5,0.03650306748466259,1.63,0.65,3.09,5.0,True,0.6299999999999999
Under 2.5,0.19337899543378995,2.19,0.65,2.41,6.0,False,-1.0
Over 2.5,0.1511976047904191,1.67,0.75,3.74,4.0,True,0.6699999999999999
Under 2.5,0.1188741721854304,3.02,0.44999999999999996,2.64,3.0,False,-1.0
Under 2.5,0.15495049504950498,2.02,0.65,2.26,4.0,False,-1.0
Over 2.5,0.17528735632183912,1.74,0.75,3.57,4.0,True,0.74
Under 2.5,0.35326409495548966,3.37,0.65,2.14,4.0,False,-1.0
Over 2.5,0.004838709677419395,1.55,0.65,3.4,3.0,True,0.55
Over 2.5,0.06506849315068497,1.46,0.75,3.59,2.0,False,-1.0
Under 2.5,0.028059071729957807,2.37,0.44999999999999996,2.8,5.0,False,-1.0
Over 2.5,0.13271604938271608,1.62,0.75,3.59,3.0,True,0.6200000000000001
Over 2.5,0.0170886075949368,1.58,0.65,3.17,3.0,True,0.5800000000000001
Over 2.5,0.003731343283582156,1.34,0.75,3.74,1.0,False,-1.0
Over 2.5,0.07885906040268453,1.49,0.75,4.21,1.0,False,-1.0
Under 2.5,0.2384773662551441,2.43,0.65,2.3,3.0,False,-1.0
Under 2.5,0.0035714285714285587,2.24,0.44999999999999996,2.55,2.0,True,1.2400000000000002
Under 2.5,0.35752212389380533,2.26,0.8,1.29,1.0,True,1.2599999999999998
Over 2.5,0.0006493506493506773,1.54,0.65,3.49,4.0,True,0.54
Over 2.5,0.1402439024390244,1.64,0.75,3.53,3.0,True,0.6399999999999999
Over 2.5,0.07432432432432434,1.48,0.75,3.97,1.0,False,-1.0
Over 2.5,0.06506849315068497,1.46,0.75,3.91,5.0,True,0.45999999999999996
Over 2.5,0.0253623188405796,1.38,0.75,3.68,4.0,True,0.3799999999999999
Over 2.5,0.05555555555555558,1.44,0.75,3.55,3.0,True,0.43999999999999995
Under 2.5,0.2015695067264574,2.23,0.65,2.29,2.0,True,1.23
Under 2.5,0.3121951219512195,2.05,0.8,1.47,2.0,True,1.0499999999999998
Under 2.5,0.2189655172413793,2.32,0.65,2.3,1.0,True,1.3199999999999998
Over 2.5,0.08333333333333337,1.5,0.75,3.64,2.0,False,-1.0
Under 2.5,0.08099630996309959,2.71,0.44999999999999996,2.84,7.0,False,-1.0
Under 2.5,0.34954954954954964,2.22,0.8,1.75,2.0,True,1.2200000000000002
Over 2.5,0.10897435897435903,1.56,0.75,3.63,2.0,False,-1.0
Under 2.5,0.24016393442622952,2.44,0.65,2.49,2.0,True,1.44
Over 2.5,0.07153110047846889,2.09,0.55,2.53,2.0,False,-1.0
Over 2.5,0.17528735632183912,1.74,0.75,3.88,0.0,False,-1.0
Under 2.5,0.0035714285714285587,2.24,0.44999999999999996,2.66,2.0,True,1.2400000000000002
Over 2.5,0.04078014184397161,1.41,0.75,3.56,5.0,True,0.4099999999999999
Under 2.5,0.0075342465753424626,2.92,0.35,3.35,7.0,False,-1.0
Under 2.5,0.1692307692307693,2.08,0.65,2.0,3.0,False,-1.0
Over 2.5,0.13650306748466257,1.63,0.75,3.84,3.0,True,0.6299999999999999
Over 2.5,0.0475903614457831,1.66,0.65,3.09,6.0,True,0.6599999999999999
Over 2.5,0.003731343283582156,1.34,0.75,3.52,4.0,True,0.3400000000000001
Under 2.5,0.10277777777777775,2.88,0.44999999999999996,2.79,4.0,False,-1.0
Over 2.5,0.003551912568306115,1.83,0.55,2.84,4.0,True,0.8300000000000001
Under 2.5,0.007522123893805244,2.26,0.44999999999999996,2.77,2.0,True,1.2599999999999998
Under 2.5,0.035534591194968546,3.18,0.35,3.49,4.0,False,-1.0
Under 2.5,0.007522123893805244,2.26,0.44999999999999996,2.69,2.0,True,1.2599999999999998
Under 2.5,0.2467741935483871,2.48,0.65,2.42,6.0,False,-1.0
Over 2.5,0.032716049382716106,1.62,0.65,3.09,2.0,False,-1.0
Under 2.5,0.13717948717948714,1.95,0.65,2.48,2.0,True,0.95
Under 2.5,0.3098039215686275,2.04,0.8,1.83,7.0,False,-1.0
Under 2.5,0.0035714285714285587,2.24,0.44999999999999996,2.98,1.0,True,1.2400000000000002
Over 2.5,0.10355191256830609,1.83,0.65,3.48,1.0,False,-1.0
Under 2.5,0.3478851963746224,3.31,0.65,2.48,6.0,False,-1.0
Under 2.5,0.19128440366972482,2.18,0.65,2.36,2.0,True,1.1800000000000002
Under 2.5,0.3325396825396826,3.15,0.65,2.14,2.0,True,2.15
Over 2.5,0.09640522875816993,1.53,0.75,4.24,2.0,False,-1.0
Under 2.5,0.05930232558139531,3.44,0.35,3.32,2.0,True,2.44
Under 2.5,0.040402476780185714,3.23,0.35,3.46,3.0,False,-1.0
Under 2.5,0.27121212121212124,2.64,0.65,2.02,5.0,False,-1.0
Under 2.5,0.16590909090909084,3.52,0.44999999999999996,2.52,6.0,False,-1.0
Under 2.5,0.308703071672355,2.93,0.65,2.47,5.0,False,-1.0
Under 2.5,0.3098039215686275,2.04,0.8,1.75,4.0,False,-1.0
Over 2.5,0.06506849315068497,1.46,0.75,4.07,3.0,True,0.45999999999999996
Under 2.5,0.1487951807228915,3.32,0.44999999999999996,2.58,2.0,True,2.32
Under 2.5,0.04512195121951218,3.28,0.35,3.46,6.0,False,-1.0
Over 2.5,0.0357142857142857,1.4,0.75,3.6,3.0,True,0.3999999999999999
Under 2.5,0.22528089887640446,4.45,0.44999999999999996,2.66,4.0,False,-1.0
Under 2.5,0.4135933806146572,4.23,0.65,2.21,2.0,True,3.2300000000000004
Under 2.5,0.1210526315789473,3.04,0.44999999999999996,2.81,3.0,False,-1.0
Under 2.5,0.20845410628019317,4.14,0.44999999999999996,2.78,3.0,False,-1.0
Under 2.5,0.2531746031746032,2.52,0.65,2.27,1.0,True,1.52
Over 2.5,0.11305732484076436,1.57,0.75,3.62,3.0,True,0.5700000000000001
Under 2.5,0.009863945578231281,2.94,0.35,3.0,2.0,True,1.94
Over 2.5,0.09751381215469612,1.81,0.65,3.32,3.0,True,0.81
Over 2.5,0.08333333333333337,1.5,0.75,3.75,2.0,False,-1.0
Over 2.5,0.1719653179190751,1.73,0.75,3.78,2.0,False,-1.0
Under 2.5,0.11524064171123005,1.87,0.65,2.45,1.0,True,0.8700000000000001
Over 2.5,0.21524064171123003,1.87,0.75,3.58,3.0,True,0.8700000000000001
Over 2.5,0.11708860759493678,1.58,0.75,3.51,3.0,True,0.5800000000000001
Over 2.5,0.040243902439024426,1.64,0.65,3.11,8.0,True,0.6399999999999999
Over 2.5,0.06506849315068497,1.46,0.75,3.94,4.0,True,0.45999999999999996
Under 2.5,0.30738916256157633,2.03,0.8,1.82,2.0,True,1.0299999999999998
Over 2.5,0.11524064171123005,1.87,0.65,3.42,5.0,True,0.8700000000000001
Under 2.5,0.02426710097719864,3.07,0.35,3.49,3.0,False,-1.0
Under 2.5,0.001569506726457337,2.23,0.44999999999999996,2.59,5.0,False,-1.0
Over 2.5,0.08181818181818179,1.76,0.65,3.09,4.0,True,0.76
Over 2.5,0.028881987577639823,1.61,0.65,3.38,3.0,True,0.6100000000000001
Under 2.5,0.39514170040485835,2.47,0.8,1.93,3.0,False,-1.0
Over 2.5,0.04577464788732388,1.42,0.75,3.68,4.0,True,0.41999999999999993
Over 2.5,0.025000000000000022,1.6,0.65,3.07,0.0,False,-1.0
Over 2.5,0.09210526315789469,1.52,0.75,3.62,3.0,True,0.52
Under 2.5,0.23506224066390047,2.41,0.65,2.49,4.0,False,-1.0
Under 2.5,0.15495049504950498,2.02,0.65,2.43,4.0,False,-1.0
Under 2.5,0.1423857868020305,1.97,0.65,2.34,3.0,False,-1.0
Under 2.5,0.009471365638766494,2.27,0.44999999999999996,2.71,2.0,True,1.27
Over 2.5,0.07885906040268453,1.49,0.75,3.84,2.0,False,-1.0
Under 2.5,0.0015679442508710895,2.87,0.35,3.2,3.0,False,-1.0
Under 2.5,0.08503649635036492,2.74,0.44999999999999996,2.67,5.0,False,-1.0
Over 2.5,0.05828402366863905,1.69,0.65,3.44,1.0,False,-1.0
Under 2.5,0.04349593495934956,2.46,0.44999999999999996,2.57,2.0,True,1.46
Over 2.5,0.08181818181818179,1.76,0.65,3.39,5.0,True,0.76
Over 2.5,0.07196531791907512,1.73,0.65,3.45,4.0,True,0.73
Over 2.5,0.16860465116279066,1.72,0.75,4.12,2.0,False,-1.0
Over 2.5,0.06456310679611654,2.06,0.55,2.5,4.0,True,1.06
Over 2.5,0.14393939393939392,1.65,0.75,3.54,7.0,True,0.6499999999999999
Under 2.5,0.18190348525469163,3.73,0.44999999999999996,2.59,1.0,True,2.73
Under 2.5,0.09028776978417258,2.78,0.44999999999999996,2.54,3.0,False,-1.0
Over 2.5,0.08774834437086088,1.51,0.75,3.59,3.0,True,0.51
Under 2.5,0.28717948717948716,1.95,0.8,1.82,4.0,False,-1.0
Under 2.5,0.015551839464882922,2.99,0.35,3.18,3.0,False,-1.0
Over 2.5,0.11305732484076436,1.57,0.75,4.12,3.0,True,0.5700000000000001
Over 2.5,0.06520467836257315,1.71,0.65,3.06,2.0,False,-1.0
Under 2.5,0.35752212389380533,2.26,0.8,1.91,2.0,True,1.2599999999999998
Over 2.5,0.125,1.6,0.75,3.69,5.0,True,0.6000000000000001
Under 2.5,0.1975113122171946,2.21,0.65,2.47,5.0,False,-1.0
Over 2.5,0.11305732484076436,1.57,0.75,3.89,3.0,True,0.5700000000000001
Under 2.5,0.1573891625615763,2.03,0.65,2.49,3.0,False,-1.0
Under 2.5,0.1760663507109005,2.11,0.65,2.49,4.0,False,-1.0
Over 2.5,0.008974358974359053,1.56,0.65,3.04,2.0,False,-1.0
Under 2.5,0.0978873239436619,2.84,0.44999999999999996,2.54,2.0,True,1.8399999999999999
Over 2.5,0.11708860759493678,1.58,0.75,3.61,5.0,True,0.5800000000000001
Over 2.5,0.22089947089947082,1.89,0.75,3.55,1.0,False,-1.0
Under 2.5,0.0978873239436619,2.84,0.44999999999999996,2.73,2.0,True,1.8399999999999999
Over 2.5,0.013057324840764384,1.57,0.65,3.43,4.0,True,0.5700000000000001
Under 2.5,0.03333333333333327,2.4,0.44999999999999996,2.67,3.0,False,-1.0
Over 2.5,0.032716049382716106,1.62,0.65,3.39,4.0,True,0.6200000000000001
Under 2.5,0.0941281138790035,2.81,0.44999999999999996,2.54,1.0,True,1.81
Over 2.5,0.040243902439024426,1.64,0.65,3.11,4.0,True,0.6399999999999999
Over 2.5,0.0092592592592593,1.35,0.75,3.71,7.0,True,0.3500000000000001
Over 2.5,0.06860465116279069,1.72,0.65,3.07,3.0,True,0.72
Under 2.5,0.026271186440677885,2.36,0.44999999999999996,2.65,3.0,False,-1.0
Under 2.5,0.2740601503759399,2.66,0.65,2.33,4.0,False,-1.0
Under 2.5,0.18051643192488265,2.13,0.65,2.48,4.0,False,-1.0
Over 2.5,0.08774834437086088,1.51,0.75,3.51,2.0,False,-1.0
Over 2.5,0.025000000000000022,1.6,0.65,3.4,3.0,True,0.6000000000000001
Under 2.5,0.04349593495934956,2.46,0.44999999999999996,2.64,0.0,True,1.46
Under 2.5,0.2015695067264574,2.23,0.65,2.46,1.0,True,1.23
Under 2.5,0.12324263038548752,4.41,0.35,3.4,4.0,False,-1.0
Under 2.5,0.04016393442622945,2.44,0.44999999999999996,2.72,2.0,True,1.44
Under 2.5,0.015551839464882922,2.99,0.35,3.47,1.0,True,1.9900000000000002
Over 2.5,0.014705882352941235,1.36,0.75,3.63,2.0,False,-1.0
Over 2.5,0.10156950672645743,2.23,0.55,2.7,2.0,False,-1.0
Under 2.5,0.14969969969969965,3.33,0.44999999999999996,2.65,4.0,False,-1.0
Over 2.5,0.10064935064935066,1.54,0.75,3.65,4.0,True,0.54
Over 2.5,0.01236559139784954,1.86,0.55,2.82,1.0,False,-1.0
Under 2.5,0.1404024767801857,3.23,0.44999999999999996,2.64,5.0,False,-1.0
Over 2.5,0.061764705882352944,1.7,0.65,3.41,4.0,True,0.7
Under 2.5,0.08820224719101122,1.78,0.65,2.04,3.0,False,-1.0
Over 2.5,0.13650306748466257,1.63,0.75,3.64,2.0,False,-1.0
Under 2.5,0.0015679442508710895,2.87,0.35,3.48,4.0,False,-1.0
Under 2.5,0.09539007092198576,2.82,0.44999999999999996,2.63,3.0,False,-1.0
Under 2.5,0.1760663507109005,2.11,0.65,2.47,2.0,True,1.1099999999999999
Under 2.5,0.2531746031746032,2.52,0.65,2.27,4.0,False,-1.0
Over 2.5,0.0092592592592593,1.35,0.75,3.64,2.0,False,-1.0
Over 2.5,0.0475903614457831,1.66,0.65,3.2,4.0,True,0.6599999999999999
Under 2.5,0.323202614379085,3.06,0.65,2.37,4.0,False,-1.0
Over 2.5,0.023684210526315863,1.9,0.55,2.56,1.0,False,-1.0
Under 2.5,0.0882198952879581,3.82,0.35,3.32,5.0,False,-1.0
Over 2.5,0.06506849315068497,1.46,0.75,3.72,2.0,False,-1.0
Under 2.5,0.17153110047846887,2.09,0.65,2.1,3.0,False,-1.0
Under 2.5,0.14748743718592972,1.99,0.65,2.22,2.0,True,0.99
Under 2.5,0.31555183946488297,2.99,0.65,2.47,3.0,False,-1.0
Over 2.5,0.11708860759493678,1.58,0.75,3.52,3.0,True,0.5800000000000001
Under 2.5,0.028059071729957807,2.37,0.44999999999999996,2.76,1.0,True,1.37
Over 2.5,0.06034482758620685,1.45,0.75,3.68,4.0,True,0.44999999999999996
Over 2.5,0.0170886075949368,1.58,0.65,3.42,2.0,False,-1.0
Under 2.5,0.32948717948717954,3.12,0.65,2.35,3.0,False,-1.0
Over 2.5,0.10897435897435903,1.56,0.75,3.73,4.0,True,0.56
Over 2.5,0.19337899543378995,2.19,0.65,3.33,4.0,True,1.19
Under 2.5,0.03158995815899579,2.39,0.44999999999999996,2.86,1.0,True,1.3900000000000001
Under 2.5,0.059374999999999956,2.56,0.44999999999999996,2.97,5.0,False,-1.0
Over 2.5,0.008974358974359053,1.56,0.65,3.38,3.0,True,0.56
Over 2.5,0.0475903614457831,1.66,0.65,3.29,7.0,True,0.6599999999999999
Under 2.5,0.38118279569892477,3.72,0.65,2.41,4.0,False,-1.0
Over 2.5,0.12368421052631584,1.9,0.65,3.19,5.0,True,0.8999999999999999
Over 2.5,0.040243902439024426,1.64,0.65,3.13,5.0,True,0.6399999999999999
Over 2.5,0.003731343283582156,1.34,0.75,3.75,1.0,False,-1.0
Over 2.5,0.06520467836257315,1.71,0.65,3.47,2.0,False,-1.0
Under 2.5,0.38474801061007957,3.77,0.65,2.35,4.0,False,-1.0
Under 2.5,0.040243902439024426,1.64,0.65,2.1,2.0,True,0.6399999999999999
Over 2.5,0.030575539568345245,1.39,0.75,3.76,4.0,True,0.3899999999999999
Over 2.5,0.15828402366863903,1.69,0.75,3.53,1.0,False,-1.0
Over 2.5,0.009459459459459585,1.85,0.55,2.81,6.0,True,0.8500000000000001
Over 2.5,0.11808510638297876,1.88,0.65,3.31,1.0,False,-1.0
Over 2.5,0.19134078212290506,1.79,0.75,3.56,3.0,True,0.79
Under 2.5,0.061764705882352944,1.7,0.65,2.0,1.0,True,0.7
Under 2.5,0.16456310679611652,2.06,0.65,2.33,1.0,True,1.06
Under 2.5,0.0075342465753424626,2.92,0.35,3.32,1.0,True,1.92
Over 2.5,0.19444444444444442,1.8,0.75,3.58,4.0,True,0.8
Over 2.5,0.08820224719101122,1.78,0.65,3.09,3.0,True,0.78
Over 2.5,0.09640522875816993,1.53,0.75,3.62,0.0,False,-1.0
Under 2.5,0.11329966329966329,2.97,0.44999999999999996,2.68,4.0,False,-1.0
Over 2.5,0.125,1.6,0.75,3.5,3.0,True,0.6000000000000001
Over 2.5,0.028881987577639823,1.61,0.65,3.28,4.0,True,0.6100000000000001
Over 2.5,0.12106918238993714,1.59,0.75,3.73,3.0,True,0.5900000000000001
Over 2.5,0.0475903614457831,1.66,0.65,3.12,6.0,True,0.6599999999999999
Over 2.5,0.021069182389937158,1.59,0.65,3.49,6.0,True,0.5900000000000001
Over 2.5,0.10355191256830609,1.83,0.65,3.36,2.0,False,-1.0
Over 2.5,0.13650306748466257,1.63,0.75,3.72,5.0,True,0.6299999999999999
Over 2.5,0.06860465116279069,1.72,0.65,3.09,4.0,True,0.72
Over 2.5,0.05555555555555558,1.44,0.75,3.74,1.0,False,-1.0
Over 2.5,0.08774834437086088,1.51,0.75,4.04,3.0,True,0.51
Over 2.5,0.003731343283582156,1.34,0.75,3.5,3.0,True,0.3400000000000001
Under 2.5,0.05414201183431949,3.38,0.35,3.23,6.0,False,-1.0
Over 2.5,0.12089947089947084,1.89,0.65,3.23,4.0,True,0.8899999999999999
Over 2.5,0.10483870967741937,1.55,0.75,3.61,2.0,False,-1.0
Over 2.5,0.10064935064935066,1.54,0.75,3.56,4.0,True,0.54
Over 2.5,0.1719653179190751,1.73,0.75,3.51,2.0,False,-1.0
Under 2.5,0.05317460317460315,2.52,0.44999999999999996,2.76,1.0,True,1.52
Under 2.5,0.16690821256038646,2.07,0.65,2.31,2.0,True,1.0699999999999998
Under 2.5,0.04349593495934956,2.46,0.44999999999999996,2.5,2.0,True,1.46
Under 2.5,0.02320261437908494,3.06,0.35,3.39,2.0,True,2.06
Over 2.5,0.08502824858757063,1.77,0.65,3.43,1.0,False,-1.0
Over 2.5,0.23453608247422675,1.94,0.75,3.52,3.0,True,0.94
Over 2.5,0.07528735632183914,1.74,0.65,3.41,2.0,False,-1.0
Over 2.5,0.08774834437086088,1.51,0.75,3.66,4.0,True,0.51
Over 2.5,0.1511976047904191,1.67,0.75,3.9,1.0,False,-1.0
Over 2.5,0.0697278911564626,1.47,0.75,3.56,3.0,True,0.47
Over 2.5,0.08774834437086088,1.51,0.75,3.82,2.0,False,-1.0
Under 2.5,0.3584548104956269,3.43,0.65,2.16,2.0,True,2.43
